Workbook
Name Slicer_Category: #N/A
Name Slicer_Country: #N/A
Name Slicer_OrderDate__Month: #N/A

Sheet Pivotchart
A3: Row Labels | B3: Sum of SalesAmount | D3: Row Labels | E3: Count of SalesAmount
A4: Beauty | B4: 49960.63 | D4: Beauty | E4: 0.19166667
A5: Clothing | B5: 37792.22 | D5: Clothing | E5: 0.18333333
A6: Electronics | B6: 74267.19 | D6: Electronics | E6: 0.25277778
A7: Home | B7: 42451.15 | D7: Home | E7: 0.15
A8: Sports | B8: 44843.46 | D8: Sports | E8: 0.22222222
A9: Grand Total | B9: 249314.65 | D9: Grand Total | E9: 1
A12: Row Labels | B12: Sum of Revenue(order) | D12: Row Labels | E12: Sum of Revenue(order)
A13: Jan | B13: 38121.72 | D13: Canada | E13: 57774.68
A14: Feb | B14: 36272.57 | D14: India | E14: 51405.48
A15: Mar | B15: 52091.57 | D15: UK | E15: 86879.59
A16: Apr | B16: 37290.87 | D16: US | E16: 53254.9
A17: May | B17: 33711.56 | D17: Grand Total | E17: 249314.65
A18: Jun | B18: 51826.36
A19: Grand Total | B19: 249314.65
A22: SalesAmount | B22: All
A24: Row Labels | B24: Sum of SalesAmount | D24: Row Labels | E24: Sum of SalesAmount | F24: Count of Quantity
A25: Product_10 | B25: 14731.52 | D25: Beauty | E25: 49960.63 | F25: 69
A26: Product_13 | B26: 14482.44 | D26: Clothing | E26: 37792.22 | F26: 66
A27: Product_24 | B27: 19444.6 | D27: Electronics | E27: 74267.19 | F27: 91
A28: Product_3 | B28: 12836.4 | D28: Home | E28: 42451.15 | F28: 54
A29: Product_8 | B29: 11651.5 | D29: Sports | E29: 44843.46 | F29: 80
A30: Grand Total | B30: 73146.46 | D30: Grand Total | E30: 249314.65 | F30: 360

Sheet Dashboard

Sheet Sales
A1: OrderID | B1: OrderDate | C1: CustomerID | D1: ProductID | E1: Quantity | F1: SalesAmount | G1: ProductName | H1: Category | I1: UnitPrice | J1: Country | K1: Revenue(order)
A2: ORD0001 | B2: 45302 | C2: CUST115 | D2: PROD020 | E2: 5 | F2: 2098.25 | G2: =VLOOKUP(Table1[[#This Row],[ProductID]],Products!A:D,2) -> Product_20 | H2: =VLOOKUP(Table1[[#This Row],[ProductID]],Products!A:D,3) -> Sports | I2: =VLOOKUP(Table1[[#This Row],[ProductID]],Products!$A:$D,4) -> 419.65 | J2: =VLOOKUP(Table1[[#This Row],[CustomerID]],Customer_info!$A:$D,4) -> Canada | K2: =Table1[[#This Row],[Quantity]]*Table1[[#This Row],[UnitPrice]] -> 2098.25
A3: ORD0002 | B3: 45312 | C3: CUST077 | D3: PROD032 | E3: 5 | F3: 199.35 | G3: =VLOOKUP(Table1[[#This Row],[ProductID]],Products!A:D,2) -> Product_32 | H3: =VLOOKUP(Table1[[#This Row],[ProductID]],Products!A:D,3) -> Sports | I3: =VLOOKUP(Table1[[#This Row],[ProductID]],Products!$A:$D,4) -> 39.87 | J3: =VLOOKUP(Table1[[#This Row],[CustomerID]],Customer_info!$A:$D,4) -> India | K3: =Table1[[#This Row],[Quantity]]*Table1[[#This Row],[UnitPrice]] -> 199.35
A4: ORD0003 | B4: 45460 | C4: CUST091 | D4: PROD017 | E4: 4 | F4: 946.76 | G4: =VLOOKUP(Table1[[#This Row],[ProductID]],Products!A:D,2) -> Product_17 | H4: =VLOOKUP(Table1[[#This Row],[ProductID]],Products!A:D,3) -> Home | I4: =VLOOKUP(Table1[[#This Row],[ProductID]],Products!$A:$D,4) -> 236.69 | J4: =VLOOKUP(Table1[[#This Row],[CustomerID]],Customer_info!$A:$D,4) -> Canada | K4: =Table1[[#This Row],[Quantity]]*Table1[[#This Row],[UnitPrice]] -> 946.76 | N4: Total-revenue | O4: =SUM(K:K) -> 249314.65
A5: ORD0004 | B5: 45436 | C5: CUST097 | D5: PROD006 | E5: 5 | F5: 1972.3 | G5: =VLOOKUP(Table1[[#This Row],[ProductID]],Products!A:D,2) -> Product_6 | H5: =VLOOKUP(Table1[[#This Row],[ProductID]],Products!A:D,3) -> Clothing | I5: =VLOOKUP(Table1[[#This Row],[ProductID]],Products!$A:$D,4) -> 394.46 | J5: =VLOOKUP(Table1[[#This Row],[CustomerID]],Customer_info!$A:$D,4) -> Canada | K5: =Table1[[#This Row],[Quantity]]*Table1[[#This Row],[UnitPrice]] -> 1972.3 | N5: Total quantity sold | O5: =SUM(E:E) -> 1080
A6: ORD0005 | B6: 45372 | C6: CUST018 | D6: PROD039 | E6: 5 | F6: 1039.25 | G6: =VLOOKUP(Table1[[#This Row],[ProductID]],Products!A:D,2) -> Product_39 | H6: =VLOOKUP(Table1[[#This Row],[ProductID]],Products!A:D,3) -> Clothing | I6: =VLOOKUP(Table1[[#This Row],[ProductID]],Products!$A:$D,4) -> 207.85 | J6: =VLOOKUP(Table1[[#This Row],[CustomerID]],Customer_info!$A:$D,4) -> US | K6: =Table1[[#This Row],[Quantity]]*Table1[[#This Row],[UnitPrice]] -> 1039.25 | N6: Average order value | O6: =SUM(K2:K361)/COUNTA(A2:A361) -> 692.54069
A7: ORD0006 | B7: 45344 | C7: CUST038 | D7: PROD007 | E7: 3 | F7: 309.9 | G7: =VLOOKUP(Table1[[#This Row],[ProductID]],Products!A:D,2) -> Product_7 | H7: =VLOOKUP(Table1[[#This Row],[ProductID]],Products!A:D,3) -> Beauty | I7: =VLOOKUP(Table1[[#This Row],[ProductID]],Products!$A:$D,4) -> 103.3 | J7: =VLOOKUP(Table1[[#This Row],[CustomerID]],Customer_info!$A:$D,4) -> US | K7: =Table1[[#This Row],[Quantity]]*Table1[[#This Row],[UnitPrice]] -> 309.9
A8: ORD0007 | B8: 45353 | C8: CUST060 | D8: PROD027 | E8: 3 | F8: 449.31 | G8: =VLOOKUP(Table1[[#This Row],[ProductID]],Products!A:D,2) -> Product_27 | H8: =VLOOKUP(Table1[[#This Row],[ProductID]],Products!A:D,3) -> Beauty | I8: =VLOOKUP(Table1[[#This Row],[ProductID]],Products!$A:$D,4) -> 149.77 | J8: =VLOOKUP(Table1[[#This Row],[CustomerID]],Customer_info!$A:$D,4) -> UK | K8: =Table1[[#This Row],[Quantity]]*Table1[[#This Row],[UnitPrice]] -> 449.31
A9: ORD0008 | B9: 45393 | C9: CUST115 | D9: PROD024 | E9: 3 | F9: 1356.6 | G9: =VLOOKUP(Table1[[#This Row],[ProductID]],Products!A:D,2) -> Product_24 | H9: =VLOOKUP(Table1[[#This Row],[ProductID]],Products!A:D,3) -> Beauty | I9: =VLOOKUP(Table1[[#This Row],[ProductID]],Products!$A:$D,4) -> 452.2 | J9: =VLOOKUP(Table1[[#This Row],[CustomerID]],Customer_info!$A:$D,4) -> Canada | K9: =Table1[[#This Row],[Quantity]]*Table1[[#This Row],[UnitPrice]] -> 1356.6 | N9: Country | O9: Revenue
A10: ORD0009 | B10: 45463 | C10: CUST006 | D10: PROD024 | E10: 2 | F10: 904.4 | G10: =VLOOKUP(Table1[[#This Row],[ProductID]],Products!A:D,2) -> Product_24 | H10: =VLOOKUP(Table1[[#This Row],[ProductID]],Products!A:D,3) -> Beauty | I10: =VLOOKUP(Table1[[#This Row],[ProductID]],Products!$A:$D,4) -> 452.2 | J10: =VLOOKUP(Table1[[#This Row],[CustomerID]],Customer_info!$A:$D,4) -> UK | K10: =Table1[[#This Row],[Quantity]]*Table1[[#This Row],[UnitPrice]] -> 904.4 | N10: canada | O10: =SUMIF(J:J,J2,K:K) -> 57774.68
A11: ORD0010 | B11: 45409 | C11: CUST021 | D11: PROD006 | E11: 3 | F11: 1183.38 | G11: =VLOOKUP(Table1[[#This Row],[ProductID]],Products!A:D,2) -> Product_6 | H11: =VLOOKUP(Table1[[#This Row],[ProductID]],Products!A:D,3) -> Clothing | I11: =VLOOKUP(Table1[[#This Row],[ProductID]],Products!$A:$D,4) -> 394.46 | J11: =VLOOKUP(Table1[[#This Row],[CustomerID]],Customer_info!$A:$D,4) -> UK | K11: =Table1[[#This Row],[Quantity]]*Table1[[#This Row],[UnitPrice]] -> 1183.38 | N11: india | O11: =SUMIF(J:J,J24,K:K) -> 51405.48
A12: ORD0011 | B12: 45310 | C12: CUST041 | D12: PROD005 | E12: 3 | F12: 877.02 | G12: =VLOOKUP(Table1[[#This Row],[ProductID]],Products!A:D,2) -> Product_5 | H12: =VLOOKUP(Table1[[#This Row],[ProductID]],Products!A:D,3) -> Sports | I12: =VLOOKUP(Table1[[#This Row],[ProductID]],Products!$A:$D,4) -> 292.34 | J12: =VLOOKUP(Table1[[#This Row],[CustomerID]],Customer_info!$A:$D,4) -> US | K12: =Table1[[#This Row],[Quantity]]*Table1[[#This Row],[UnitPrice]] -> 877.02 | N12: UK | O12: =SUMIF(J:J,J357,K:K) -> 86879.59
A13: ORD0012 | B13: 45409 | C13: CUST110 | D13: PROD028 | E13: 1 | F13: 334.32 | G13: =VLOOKUP(Table1[[#This Row],[ProductID]],Products!A:D,2) -> Product_28 | H13: =VLOOKUP(Table1[[#This Row],[ProductID]],Products!A:D,3) -> Sports | I13: =VLOOKUP(Table1[[#This Row],[ProductID]],Products!$A:$D,4) -> 334.32 | J13: =VLOOKUP(Table1[[#This Row],[CustomerID]],Customer_info!$A:$D,4) -> US | K13: =Table1[[#This Row],[Quantity]]*Table1[[#This Row],[UnitPrice]] -> 334.32 | N13: US | O13: =SUMIF(J:J,J15,K:K) -> 53254.9
A14: ORD0013 | B14: 45436 | C14: CUST025 | D14: PROD033 | E14: 5 | F14: 190.05 | G14: =VLOOKUP(Table1[[#This Row],[ProductID]],Products!A:D,2) -> Product_33 | H14: =VLOOKUP(Table1[[#This Row],[ProductID]],Products!A:D,3) -> Home | I14: =VLOOKUP(Table1[[#This Row],[ProductID]],Products!$A:$D,4) -> 38.01 | J14: =VLOOKUP(Table1[[#This Row],[CustomerID]],Customer_info!$A:$D,4) -> UK | K14: =Table1[[#This Row],[Quantity]]*Table1[[#This Row],[UnitPrice]] -> 190.05 | N14: Total | O14: =SUM(O10:O13) -> 249314.65
A15: ORD0014 | B15: 45310 | C15: CUST053 | D15: PROD015 | E15: 1 | F15: 272.78 | G15: =VLOOKUP(Table1[[#This Row],[ProductID]],Products!A:D,2) -> Product_15 | H15: =VLOOKUP(Table1[[#This Row],[ProductID]],Products!A:D,3) -> Clothing | I15: =VLOOKUP(Table1[[#This Row],[ProductID]],Products!$A:$D,4) -> 272.78 | J15: =VLOOKUP(Table1[[#This Row],[CustomerID]],Customer_info!$A:$D,4) -> US | K15: =Table1[[#This Row],[Quantity]]*Table1[[#This Row],[UnitPrice]] -> 272.78
A16: ORD0015 | B16: 45346 | C16: CUST043 | D16: PROD017 | E16: 5 | F16: 1183.45 | G16: =VLOOKUP(Table1[[#This Row],[ProductID]],Products!A:D,2) -> Product_17 | H16: =VLOOKUP(Table1[[#This Row],[ProductID]],Products!A:D,3) -> Home | I16: =VLOOKUP(Table1[[#This Row],[ProductID]],Products!$A:$D,4) -> 236.69 | J16: =VLOOKUP(Table1[[#This Row],[CustomerID]],Customer_info!$A:$D,4) -> UK | K16: =Table1[[#This Row],[Quantity]]*Table1[[#This Row],[UnitPrice]] -> 1183.45 | N16: Category | O16: Revenue
A17: ORD0016 | B17: 45359 | C17: CUST049 | D17: PROD031 | E17: 5 | F17: 1469 | G17: =VLOOKUP(Table1[[#This Row],[ProductID]],Products!A:D,2) -> Product_31 | H17: =VLOOKUP(Table1[[#This Row],[ProductID]],Products!A:D,3) -> Electronics | I17: =VLOOKUP(Table1[[#This Row],[ProductID]],Products!$A:$D,4) -> 293.8 | J17: =VLOOKUP(Table1[[#This Row],[CustomerID]],Customer_info!$A:$D,4) -> Canada | K17: =Table1[[#This Row],[Quantity]]*Table1[[#This Row],[UnitPrice]] -> 1469 | N17: beauty | O17: =SUMIF(H:H,H230,K:K) -> 49960.63
A18: ORD0017 | B18: 45381 | C18: CUST080 | D18: PROD029 | E18: 2 | F18: 171.7 | G18: =VLOOKUP(Table1[[#This Row],[ProductID]],Products!A:D,2) -> Product_29 | H18: =VLOOKUP(Table1[[#This Row],[ProductID]],Products!A:D,3) -> Beauty | I18: =VLOOKUP(Table1[[#This Row],[ProductID]],Products!$A:$D,4) -> 85.85 | J18: =VLOOKUP(Table1[[#This Row],[CustomerID]],Customer_info!$A:$D,4) -> US | K18: =Table1[[#This Row],[Quantity]]*Table1[[#This Row],[UnitPrice]] -> 171.7 | N18: sports | O18: =SUMIF(H:H,H360,K:K) -> 44843.46
A19: ORD0018 | B19: 45354 | C19: CUST071 | D19: PROD040 | E19: 1 | F19: 130.65 | G19: =VLOOKUP(Table1[[#This Row],[ProductID]],Products!A:D,2) -> Product_40 | H19: =VLOOKUP(Table1[[#This Row],[ProductID]],Products!A:D,3) -> Sports | I19: =VLOOKUP(Table1[[#This Row],[ProductID]],Products!$A:$D,4) -> 130.65 | J19: =VLOOKUP(Table1[[#This Row],[CustomerID]],Customer_info!$A:$D,4) -> India | K19: =Table1[[#This Row],[Quantity]]*Table1[[#This Row],[UnitPrice]] -> 130.65 | N19: electronics | O19: =SUMIF(H:H,H357,K:K) -> 74267.19
A20: ORD0019 | B20: 45364 | C20: CUST083 | D20: PROD028 | E20: 3 | F20: 1002.96 | G20: =VLOOKUP(Table1[[#This Row],[ProductID]],Products!A:D,2) -> Product_28 | H20: =VLOOKUP(Table1[[#This Row],[ProductID]],Products!A:D,3) -> Sports | I20: =VLOOKUP(Table1[[#This Row],[ProductID]],Products!$A:$D,4) -> 334.32 | J20: =VLOOKUP(Table1[[#This Row],[CustomerID]],Customer_info!$A:$D,4) -> UK | K20: =Table1[[#This Row],[Quantity]]*Table1[[#This Row],[UnitPrice]] -> 1002.96 | N20: home | O20: =SUMIF(H:H,H352,K:K) -> 42451.15
A21: ORD0020 | B21: 45404 | C21: CUST006 | D21: PROD020 | E21: 2 | F21: 839.3 | G21: =VLOOKUP(Table1[[#This Row],[ProductID]],Products!A:D,2) -> Product_20 | H21: =VLOOKUP(Table1[[#This Row],[ProductID]],Products!A:D,3) -> Sports | I21: =VLOOKUP(Table1[[#This Row],[ProductID]],Products!$A:$D,4) -> 419.65 | J21: =VLOOKUP(Table1[[#This Row],[CustomerID]],Customer_info!$A:$D,4) -> UK | K21: =Table1[[#This Row],[Quantity]]*Table1[[#This Row],[UnitPrice]] -> 839.3 | N21: clothing | O21: =SUMIF(H:H,H347,K:K) -> 37792.22
A22: ORD0021 | B22: 45472 | C22: CUST006 | D22: PROD022 | E22: 5 | F22: 457.45 | G22: =VLOOKUP(Table1[[#This Row],[ProductID]],Products!A:D,2) -> Product_22 | H22: =VLOOKUP(Table1[[#This Row],[ProductID]],Products!A:D,3) -> Clothing | I22: =VLOOKUP(Table1[[#This Row],[ProductID]],Products!$A:$D,4) -> 91.49 | J22: =VLOOKUP(Table1[[#This Row],[CustomerID]],Customer_info!$A:$D,4) -> UK | K22: =Table1[[#This Row],[Quantity]]*Table1[[#This Row],[UnitPrice]] -> 457.45 | N22: Total | O22: =SUM(O17:O21) -> 249314.65
A23: ORD0022 | B23: 45448 | C23: CUST102 | D23: PROD019 | E23: 3 | F23: 173.94 | G23: =VLOOKUP(Table1[[#This Row],[ProductID]],Products!A:D,2) -> Product_19 | H23: =VLOOKUP(Table1[[#This Row],[ProductID]],Products!A:D,3) -> Sports | I23: =VLOOKUP(Table1[[#This Row],[ProductID]],Products!$A:$D,4) -> 57.98 | J23: =VLOOKUP(Table1[[#This Row],[CustomerID]],Customer_info!$A:$D,4) -> Canada | K23: =Table1[[#This Row],[Quantity]]*Table1[[#This Row],[UnitPrice]] -> 173.94
A24: ORD0023 | B24: 45294 | C24: CUST061 | D24: PROD022 | E24: 5 | F24: 457.45 | G24: =VLOOKUP(Table1[[#This Row],[ProductID]],Products!A:D,2) -> Product_22 | H24: =VLOOKUP(Table1[[#This Row],[ProductID]],Products!A:D,3) -> Clothing | I24: =VLOOKUP(Table1[[#This Row],[ProductID]],Products!$A:$D,4) -> 91.49 | J24: =VLOOKUP(Table1[[#This Row],[CustomerID]],Customer_info!$A:$D,4) -> India | K24: =Table1[[#This Row],[Quantity]]*Table1[[#This Row],[UnitPrice]] -> 457.45
A25: ORD0024 | B25: 45368 | C25: CUST104 | D25: PROD013 | E25: 5 | F25: 2011.45 | G25: =VLOOKUP(Table1[[#This Row],[ProductID]],Products!A:D,2) -> Product_13 | H25: =VLOOKUP(Table1[[#This Row],[ProductID]],Products!A:D,3) -> Home | I25: =VLOOKUP(Table1[[#This Row],[ProductID]],Products!$A:$D,4) -> 402.29 | J25: =VLOOKUP(Table1[[#This Row],[CustomerID]],Customer_info!$A:$D,4) -> Canada | K25: =Table1[[#This Row],[Quantity]]*Table1[[#This Row],[UnitPrice]] -> 2011.45
A26: ORD0025 | B26: 45326 | C26: CUST027 | D26: PROD032 | E26: 1 | F26: 39.87 | G26: =VLOOKUP(Table1[[#This Row],[ProductID]],Products!A:D,2) -> Product_32 | H26: =VLOOKUP(Table1[[#This Row],[ProductID]],Products!A:D,3) -> Sports | I26: =VLOOKUP(Table1[[#This Row],[ProductID]],Products!$A:$D,4) -> 39.87 | J26: =VLOOKUP(Table1[[#This Row],[CustomerID]],Customer_info!$A:$D,4) -> US | K26: =Table1[[#This Row],[Quantity]]*Table1[[#This Row],[UnitPrice]] -> 39.87
A27: ORD0026 | B27: 45321 | C27: CUST041 | D27: PROD016 | E27: 3 | F27: 650.16 | G27: =VLOOKUP(Table1[[#This Row],[ProductID]],Products!A:D,2) -> Product_16 | H27: =VLOOKUP(Table1[[#This Row],[ProductID]],Products!A:D,3) -> Clothing | I27: =VLOOKUP(Table1[[#This Row],[ProductID]],Products!$A:$D,4) -> 216.72 | J27: =VLOOKUP(Table1[[#This Row],[CustomerID]],Customer_info!$A:$D,4) -> US | K27: =Table1[[#This Row],[Quantity]]*Table1[[#This Row],[UnitPrice]] -> 650.16
A28: ORD0027 | B28: 45433 | C28: CUST001 | D28: PROD020 | E28: 1 | F28: 419.65 | G28: =VLOOKUP(Table1[[#This Row],[ProductID]],Products!A:D,2) -> Product_20 | H28: =VLOOKUP(Table1[[#This Row],[ProductID]],Products!A:D,3) -> Sports | I28: =VLOOKUP(Table1[[#This Row],[ProductID]],Products!$A:$D,4) -> 419.65 | J28: =VLOOKUP(Table1[[#This Row],[CustomerID]],Customer_info!$A:$D,4) -> India | K28: =Table1[[#This Row],[Quantity]]*Table1[[#This Row],[UnitPrice]] -> 419.65
A29: ORD0028 | B29: 45361 | C29: CUST056 | D29: PROD032 | E29: 2 | F29: 79.74 | G29: =VLOOKUP(Table1[[#This Row],[ProductID]],Products!A:D,2) -> Product_32 | H29: =VLOOKUP(Table1[[#This Row],[ProductID]],Products!A:D,3) -> Sports | I29: =VLOOKUP(Table1[[#This Row],[ProductID]],Products!$A:$D,4) -> 39.87 | J29: =VLOOKUP(Table1[[#This Row],[CustomerID]],Customer_info!$A:$D,4) -> UK | K29: =Table1[[#This Row],[Quantity]]*Table1[[#This Row],[UnitPrice]] -> 79.74
A30: ORD0029 | B30: 45446 | C30: CUST034 | D30: PROD007 | E30: 3 | F30: 309.9 | G30: =VLOOKUP(Table1[[#This Row],[ProductID]],Products!A:D,2) -> Product_7 | H30: =VLOOKUP(Table1[[#This Row],[ProductID]],Products!A:D,3) -> Beauty | I30: =VLOOKUP(Table1[[#This Row],[ProductID]],Products!$A:$D,4) -> 103.3 | J30: =VLOOKUP(Table1[[#This Row],[CustomerID]],Customer_info!$A:$D,4) -> US | K30: =Table1[[#This Row],[Quantity]]*Table1[[#This Row],[UnitPrice]] -> 309.9
A31: ORD0030 | B31: 45379 | C31: CUST098 | D31: PROD010 | E31: 2 | F31: 866.56 | G31: =VLOOKUP(Table1[[#This Row],[ProductID]],Products!A:D,2) -> Product_10 | H31: =VLOOKUP(Table1[[#This Row],[ProductID]],Products!A:D,3) -> Beauty | I31: =VLOOKUP(Table1[[#This Row],[ProductID]],Products!$A:$D,4) -> 433.28 | J31: =VLOOKUP(Table1[[#This Row],[CustomerID]],Customer_info!$A:$D,4) -> UK | K31: =Table1[[#This Row],[Quantity]]*Table1[[#This Row],[UnitPrice]] -> 866.56
A32: ORD0031 | B32: 45467 | C32: CUST082 | D32: PROD019 | E32: 2 | F32: 115.96 | G32: =VLOOKUP(Table1[[#This Row],[ProductID]],Products!A:D,2) -> Product_19 | H32: =VLOOKUP(Table1[[#This Row],[ProductID]],Products!A:D,3) -> Sports | I32: =VLOOKUP(Table1[[#This Row],[ProductID]],Products!$A:$D,4) -> 57.98 | J32: =VLOOKUP(Table1[[#This Row],[CustomerID]],Customer_info!$A:$D,4) -> UK | K32: =Table1[[#This Row],[Quantity]]*Table1[[#This Row],[UnitPrice]] -> 115.96
A33: ORD0032 | B33: 45421 | C33: CUST089 | D33: PROD022 | E33: 3 | F33: 274.47 | G33: =VLOOKUP(Table1[[#This Row],[ProductID]],Products!A:D,2) -> Product_22 | H33: =VLOOKUP(Table1[[#This Row],[ProductID]],Products!A:D,3) -> Clothing | I33: =VLOOKUP(Table1[[#This Row],[ProductID]],Products!$A:$D,4) -> 91.49 | J33: =VLOOKUP(Table1[[#This Row],[CustomerID]],Customer_info!$A:$D,4) -> UK | K33: =Table1[[#This Row],[Quantity]]*Table1[[#This Row],[UnitPrice]] -> 274.47
A34: ORD0033 | B34: 45356 | C34: CUST031 | D34: PROD033 | E34: 4 | F34: 152.04 | G34: =VLOOKUP(Table1[[#This Row],[ProductID]],Products!A:D,2) -> Product_33 | H34: =VLOOKUP(Table1[[#This Row],[ProductID]],Products!A:D,3) -> Home | I34: =VLOOKUP(Table1[[#This Row],[ProductID]],Products!$A:$D,4) -> 38.01 | J34: =VLOOKUP(Table1[[#This Row],[CustomerID]],Customer_info!$A:$D,4) -> UK | K34: =Table1[[#This Row],[Quantity]]*Table1[[#This Row],[UnitPrice]] -> 152.04
... A361: ORD0360 | B361: 45295 | C361: CUST103 | D361: PROD024 | E361: 5 | F361: 2261 | G361: =VLOOKUP(Table1[[#This Row],[ProductID]],Products!A:D,2) -> Product_24 | H361: =VLOOKUP(Table1[[#This Row],[ProductID]],Products!A:D,3) -> Beauty | I361: =VLOOKUP(Table1[[#This Row],[ProductID]],Products!$A:$D,4) -> 452.2 | J361: =VLOOKUP(Table1[[#This Row],[CustomerID]],Customer_info!$A:$D,4) -> US | K361: =Table1[[#This Row],[Quantity]]*Table1[[#This Row],[UnitPrice]] -> 2261

Sheet Products
A1: ProductID | B1: ProductName | C1: Category | D1: UnitPrice
A2: PROD001 | B2: Product_1 | C2: Electronics | D2: 431.22
A3: PROD002 | B3: Product_2 | C3: Electronics | D3: 261.94
A4: PROD003 | B4: Product_3 | C4: Home | D4: 337.8
A5: PROD004 | B5: Product_4 | C5: Clothing | D5: 274.22
A6: PROD005 | B6: Product_5 | C6: Sports | D6: 292.34
A7: PROD006 | B7: Product_6 | C7: Clothing | D7: 394.46
A8: PROD007 | B8: Product_7 | C8: Beauty | D8: 103.3
A9: PROD008 | B9: Product_8 | C9: Electronics | D9: 332.9
A10: PROD009 | B10: Product_9 | C10: Home | D10: 217.55
A11: PROD010 | B11: Product_10 | C11: Beauty | D11: 433.28
A12: PROD011 | B12: Product_11 | C12: Electronics | D12: 339.95
A13: PROD012 | B13: Product_12 | C13: Electronics | D13: 39.7
... A41: PROD040 | B41: Product_40 | C41: Sports | D41: 130.65

Sheet Customer_info
A1: CustomerID | B1: CustomerName | C1: Email | D1: Country | E1: SignupDate
A2: CUST001 | B2: Customer_1 | C2: customer1@email.com | D2: India | E2: 44984
A3: CUST002 | B3: Customer_2 | C3: customer2@email.com | D3: UK | E3: 45067
A4: CUST003 | B4: Customer_3 | C4: customer3@email.com | D4: UK | E4: 45041
A5: CUST004 | B5: Customer_4 | C5: customer4@email.com | D5: UK | E5: 44979
A6: CUST005 | B6: Customer_5 | C6: customer5@email.com | D6: India | E6: 45206
A7: CUST006 | B7: Customer_6 | C7: customer6@email.com | D7: UK | E7: 45229
A8: CUST007 | B8: Customer_7 | C8: customer7@email.com | D8: US | E8: 44943
A9: CUST008 | B9: Customer_8 | C9: customer8@email.com | D9: UK | E9: 44974
A10: CUST009 | B10: Customer_9 | C10: customer9@email.com | D10: UK | E10: 45046
A11: CUST010 | B11: Customer_10 | C11: customer10@email.com | D11: Canada | E11: 45235
A12: CUST011 | B12: Customer_11 | C12: customer11@email.com | D12: UK | E12: 45214
A13: CUST012 | B13: Customer_12 | C13: customer12@email.com | D13: UK | E13: 45259
... A121: CUST120 | B121: Customer_120 | C121: customer120@email.com | D121: UK | E121: 44961
